{"error/random error_D":0.07197582454783526,"error/systematic error_D":0.000988679308313363,"_wandb":{"runtime":435},"error/random error_f":0.0006237951419754058,"_step":19,"_timestamp":1.7393734952057915e+09,"loss/train_f":4.6657126826358333e-07,"error/random error_Dp":0.023123385502105822,"loss/val_f":4.636580093944076e-07,"error/systematic error_Dp":-0.0001712183362919945,"loss/train_Dp":0.005106057243645918,"error/systematic error_f":1.2617789093940158e-05,"_runtime":418.0650918,"loss/val_D":0.006166681267204694,"loss/train_D":2.0804902934764815,"loss/val_Dp":0.0006313504996942357}