{"loss/val":0.03066522647254572,"_timestamp":1.7404133037535539e+09,"_runtime":736.218385,"_step":4,"_wandb":{"runtime":897},"loss/train":0.037130742932653255}