{"_wandb":{"runtime":996},"loss/train":0.036607481524465024,"loss/val":0.030213952812880168,"_timestamp":1.739893619413911e+09,"_runtime":813.509119,"_step":4}