{"_runtime":819.570464,"_step":4,"loss/train":0.03656171226213166,"loss/val":0.030167290044727454,"_wandb":{"runtime":1002},"_timestamp":1.739894734648691e+09}