{"loss/train":0.4463824012534959,"loss/val":0.4482644409696261,"_timestamp":1.7398837610111659e+09,"_runtime":169.858203,"_wandb":{"runtime":208},"_step":4}