{"_step":19,"_timestamp":1.739354418963238e+09,"_runtime":27.479152,"loss/train_D":4.436549732832396,"error/systematic error_D":-0.004423509492566574,"loss/train_f":5.979803940618596e-07,"loss/val_f":5.778295322317447e-07,"error/systematic error_Dp":1.5916603561959632e-05,"loss/val_D":3.9903747160383998,"loss/train_Dp":0.07514940119546666,"error/random error_f":0.0006938084102600584,"_wandb":{"runtime":28},"loss/val_Dp":0.07425364095004315,"error/random error_D":0.19501707210924057,"error/random error_Dp":0.026563588616739617,"error/systematic error_f":0.0002885791425638751}