{"loss/train":0.03696428226026155,"loss/val":0.030564295668031267,"_wandb":{"runtime":991},"_timestamp":1.739890804621265e+09,"_runtime":812.825472,"_step":4}