{"error/systematic error_D":-0.0007293901520648173,"error/systematic error_f":-1.5051933587528766e-06,"error/random error_f":0.00040465847953538207,"error/systematic error_Dp":-0.00042534697533452083,"loss/train_Dp":0.006792895342569266,"loss/train_f":9.399170995976809e-05,"_step":19,"loss/val_f":1.7317218185277938e-07,"_timestamp":1.7393566348025432e+09,"loss/val_Dp":0.0003987904681800815,"error/random error_Dp":0.019290929282626147,"_wandb":{"runtime":314},"error/random error_D":0.07408585544290933,"_runtime":300.355083,"loss/val_D":0.0059003270584156615,"loss/train_D":0.01486022192850443}