{"_timestamp":1.7393547628940642e+09,"error/random error_D":0.19525009986618944,"loss/val_f":6.467120988551495e-07,"_runtime":283.324663,"_step":19,"error/systematic error_D":-0.0036100846090487072,"loss/train_D":4.353117408779689,"loss/train_Dp":0.07505014437437058,"_wandb":{"runtime":296},"error/systematic error_f":0.00035848951299308934,"loss/val_Dp":0.07540562785447025,"error/systematic error_Dp":8.43090359121561e-06,"loss/val_D":4.2058809489837845,"loss/train_f":6.495575772500421e-07,"error/random error_Dp":0.026533079419588088,"error/random error_f":0.0006994145036409417}