{"_timestamp":1.7398981824469e+09,"_runtime":857.730842,"_step":4,"loss/train":0.03651712718379123,"_wandb":{"runtime":1050},"loss/val":0.030116879451532613}