{"error/random error_f":0.0003975790542888761,"loss/val_D":0.006083294674980024,"loss/train_D":0.07355975687503814,"_step":19,"loss/train_f":0.0004001528552666839,"error/random error_D":0.07446260684193572,"error/systematic error_Dp":-0.00038622515334614684,"_wandb":{"runtime":380},"_timestamp":1.7393685641358001e+09,"loss/train_Dp":0.019671826353030546,"loss/val_Dp":0.0003934619788289952,"loss/val_f":1.7399406194625703e-07,"error/systematic error_D":-0.0012492188876228672,"error/random error_Dp":0.019421182435457943,"_runtime":363.56499,"error/systematic error_f":1.0376450855151883e-06}