{"loss/val_f":1.8660780116403605e-07,"error/systematic error_Dp":-0.00022610772349206465,"loss/val_Dp":0.0003965914779742842,"error/random error_f":0.0004211057049948944,"_step":19,"error/random error_D":0.07398083629435123,"_runtime":332.45719,"loss/train_f":0.00042661433017679624,"loss/train_D":0.07355011838461671,"_wandb":{"runtime":347},"error/random error_Dp":0.019231212322205593,"_timestamp":1.739357094317593e+09,"error/systematic error_f":2.0488349887143288e-06,"loss/train_Dp":0.019499821718037127,"loss/val_D":0.00582770191131533,"error/systematic error_D":-0.0013910999052758727}