{"_timestamp":1.740414672275266e+09,"_runtime":735.749365,"_step":4,"_wandb":{"runtime":896},"loss/train":0.037130742932653255,"loss/val":0.03066522647254572}