{"error/random error_f":0.0006083334556179123,"_timestamp":1.7393728109277601e+09,"loss/val_D":0.0071970595959573985,"_runtime":360.2011989,"loss/train_D":0.07548284890628572,"error/systematic error_f":-4.704259918436717e-06,"loss/train_Dp":0.020234609425297936,"error/random error_Dp":0.019380305341573593,"error/systematic error_D":0.0008974144774970579,"loss/val_f":4.261821791828879e-07,"error/random error_D":0.0749206662587179,"_step":19,"loss/train_f":0.0006471665976939469,"error/systematic error_Dp":-0.00011128623715142926,"loss/val_Dp":0.00043503054430766495,"_wandb":{"runtime":377}}