{"_timestamp":1.73989702720695e+09,"_runtime":891.92234,"_step":4,"loss/train":0.036533983027897024,"loss/val":0.030136279691260173,"_wandb":{"runtime":1094}}