{"error/random error_Dp":0.019226929562089993,"error/systematic error_Dp":-7.939327485593302e-05,"loss/val_f":1.6266368793789071e-07,"_wandb":{"runtime":307},"_runtime":293.656572,"_timestamp":1.7393559723001118e+09,"error/systematic error_f":-2.0050792015224164e-06,"error/random error_D":0.07410212794621512,"error/systematic error_D":5.0518588349223134e-05,"loss/val_Dp":0.00039610894943482237,"loss/train_f":0.00023181023387504476,"_step":19,"loss/train_D":0.030169650056638887,"error/random error_f":0.00039202567611973475,"loss/val_D":0.005863158820583713,"loss/train_Dp":0.014529425340784448}