{"loss/train":0.037130742932653255,"loss/val":0.03066522647254572,"_wandb":{"runtime":910},"_timestamp":1.740407905900428e+09,"_runtime":746.6425,"_step":4}