{"loss/train_Dp":0.005654042813195182,"loss/val_f":4.000100548900694e-06,"error/random error_f":0.17176132433557187,"_runtime":18.2054358,"loss/train_D":0.000676242743502371,"error/systematic error_D":-0.0008484165890175583,"loss/train_f":0.16268016662980828,"_step":4,"loss/val_Dp":0.0007143976303938727,"loss/val_D":0.1505586030451875,"_wandb":{"runtime":22},"error/random error_Dp":0.022546956449459293,"error/systematic error_f":-0.3499972682765552,"error/random error_D":0.0009923028037836625,"error/systematic error_Dp":-0.00032071714688624653,"_timestamp":1.7393758648597145e+09}